Movie,Terminator
Person,Clint Eastwood
Food,Mac and Cheese
Book,Harry Potter
Book,Twilight
Book,Dracula
Person,a mime
Place,Jungle
Person,Peasant
Thing,Baggage
Food,Pizza Sauce
Food,Heniz 57
Thing,Newsletter
Thing,Laser
Person,Vegetarian
Person,Professor
Place,Neighborhood
Food,Vitamin
Animal,Oyster
Animal,Panda
Animal,Panther
Animal,Parrot
Animal,Peacock
Animal,Pelican
Animal,Penguin
Animal,Pig
Animal,Piranha
Animal,Polar bear
Animal,Poodle
Animal,Porcupine
Animal,Pufferfish
Animal,Puffin
Animal,Python
Animal,Rabbit
Animal,Raccoon
Animal,Rat
Animal,Rhinoceros
Animal,Roadrunner
Animal,Robin
Animal,Seahorse
Animal,Seal
Animal,Shark
Animal,Sheep
Animal,Shrimp
Animal,Skunk
Animal,Sloth
Animal,Snail
Animal,Snake
Animal,Spider
Animal,Squid
Animal,Squirrel
Animal,Starfish
Animal,stegosaurus
Animal,Stingray
Animal,Stonefly
Animal,Stork
Animal,Sugar glider
Animal,Tiger
Animal,Toucan
Animal,Turtle
Animal,Tyrannosaurus rex
Animal,Unicorn
Animal,Velociraptor
Animal,Vulture
Animal,Walrus
Animal,Warthog
Animal,Wasp
Animal,Whale
Animal,Wolf
Animal,Woodpecker
Animal,Yak
Animal,Zebra
Animal,Armadillo
Animal,Baboon
Animal,Badger
Animal,Basilisk
Animal,Bat
Animal,Beagle
Animal,Bear
Animal,Bearded dragon
Animal,Beaver
Animal,Bee
Animal,Blowfish
Animal,Buffalo
Animal,Bushbaby
Animal,Butterfly
Animal,Camel
Animal,Goose
Animal,Cat
Animal,Cheetah
Animal,Cougar
Animal,Cow
Animal,Coyote
Animal,Crab
Animal,Crane
Animal,Crocodile
Animal,Crow
Animal,dalmatian
Animal,Dingo
Animal,Dog
Animal,Dolphin
Animal,Donkey
Animal,Elephant
Animal,Emu
Animal,Flamingo
Animal,Fox
Animal,Gopher
Animal,Gorilla
Animal,Grasshopper
Animal,Groundhog
Animal,Guinea pig
Animal,Hammerhead shark
Animal,Hippopotamus
Animal,Horse
Animal,Kangaroo
Animal,Killer whale
Animal,Lemming
Animal,Lemur
Animal,Lion
Animal,Llama
Animal,Lobster
Animal,Manta ray
Animal,Mouse
Animal,Ostrich
Animal,Owl
Animal,Ox
Animal,Aardvark
Animal,Alligator
Animal,Alpaca
Animal,Bison
Animal,Flamingo
Animal,Amoeba
Animal,Anaconda
Animal,Ant
Animal,Anteater
Animal,Antelope
Animal,Ape
Animal,Arachnid
Movie,Fight Club
Movie,Pulp Fiction
Movie,Taxi Driver
Movie,The Dark Knight
Movie,The Shawshank Redemption
Movie,The Matrix
Movie,Eternal Sunshine Of a Spotless Mind
Movie,The Shining
Movie,Raiders of the Lost Ark
Movie,Fargo
Movie,American History X
Movie,Reservoir Dogs
Movie,Airplane
Movie,Pan's Labyrinth
Movie,Close Encounters of the Third Kind
Movie,Up
Movie,Rocky
Movie,Memento
Movie,Braveheart
Movie,Slumdog Millionaire
Movie,Lord of the Rings
Movie,Beauty and the Beast
Movie,Se7ven
Movie,Inception
Movie,Tenet
Movie,Die Hard
Movie,Wall-E
Movie,12 Angry Men
Movie,Ghostbusters
Movie,Brokeback Mountain
Movie,Vertigo
Movie,Gladiator
Movie,Monty Python and the Holy Grail
Movie,Avatar
Movie,The Lion King
Movie,Mary Poppins
Movie,Groundhog Day
Movie,North by Northwest
Movie,West Side Story
Movie,Thelma and Louise
Movie,Good Will Hunting
Movie,The Big Lebowski
Movie,Jurrasic Park
Movie,The Usual Suspects
Movie,Saving Private Ryan
Movie,Titanic
Movie,Toy Story
Movie,Alien
Movie,Psycho
Movie,When Harry Met Sally
Movie,You've Got Mail
Movie,Dr. Stangelove or: How I...
Movie,Ferris Bueller's Day Off
Movie,A Clockwork Orange
Movie,American Beauty
Movie,Star Wars
Movie,The Princess Bride
Movie,One Flew Over the Cuckoo's Nest
Movie,Blade Runner
Movie,The Breakfast Club
Movie,Singing in the Rain
Movie,The Sound of Music
Movie,Jaws
Movie,The Silence of the Lambs
Movie,Chinatown
Movie,It's a Wonderful Life
Movie,Goodfellas
Movie,Apocalypse Now
Movie,To Kill a Mockingbird
Movie,Zorro
Movie,Gone With the Wind
Movie,Forrest Gump
Movie,Back to the Future
Movie,Schindler's List
Movie,2001: A Space Odyssey
Movie,E.T. The Extra-Terrestrial
Movie,The Godfather
Movie,Casablanca
Movie,The Wizard of Oz
Movie,Independence Day
Movie,Manchurian Candidate
Movie,John Q
Movie,Pelham 123
Movie,Unstoppable
Movie,Deja Vu
Movie,Enemy Of The State
Movie,Rush Hour
Movie,Harry Potter
Movie,The Prestige
Movie,Law Abiding Citizen
Movie,Jumper
Movie,Wanted
Movie,Daredevil
Movie,Eagle Eye
Movie,Jennifer's Body
Movie,American Psycho
Movie,Talladega Nights
Movie,She's the Man
Movie,The Island
Movie,Blood Diamond
Movie,Tropic Thunder
Movie,War of the Worlds
Movie,How to Lose a Guy in 10 Days
Movie,King Kong
Movie,The Departed
Movie,Training Day
Movie,The Hangover
Movie,Click
Movie,A Beautiful Mind
Movie,No Country for Old Men
Movie,V for Vendetta
Movie,Remember the Titans
Movie,Inglorious Bastards
Movie,300
Movie,The Patriot
Movie,The Punisher
Movie,Hancock
Movie,Minority Report
Movie,Collateral
Movie,Kiss Kiss Bang Band
Movie,7 Psychopaths
Movie,Master of Disguise
Movie,Austin Powers
Movie,Wayne's World
Movie,iRobot
Movie,Shallow Hal
Movie,Anchorman
Movie,Disturbia
Movie,The Italian Job
Movie,Inside Man
Movie,Children Of Men
Movie,The Game
Movie,Falling Down
Movie,The Fifth Element
Movie,12 Monkeys
Movie,Mystery Men
Movie,She's All That
Movie,Romeo and Juliet
Movie,Office Space
Movie,Galaxy Quest
Movie,The Green Mile
Movie,Edward Scissor Hands
Movie,The Lobster
Movie,Life is Beautiful
Movie,Godzilla
Movie,The Mask
Movie,Thank You for Smoking
Movie,10 Things I Hate About You
Movie,Step Up
Movie,Face Off
Movie,Men In Black
Movie,Clueless
Movie,Dumb and Dumber
Movie,Ace Ventura Pet Detective
Movie,Catch Me if You Can
Movie,The Truman Show
Movie,Mean Girls
Movie,Kindegarten Cops
Movie,Mission Impossible
Movie,Bill and Ted's Excellent Adventure
Movie,The Nutty Professor
Movie,Flubber
Movie,Dazed and Confused
Person,Donald Trump
Person,Barack Obama
Person,Marilyn Monroe
Person,Abraham Lincoln
Person,Nelson Mandela
Person,Martin Luther King
Person,John F. Kennedy
Person,Princess Diana
Person,Bill Gates
Person,Muhammad Ali
Person,Mahatma Gandhi
Person,Mother Teresa
Person,Christopher Columbus
Person,Charles Darwin
Person,Elvis Presley
Person,Albert Einstein
Person,Leonardo da Vinci
Person,Vincent Van Gogh
Person,Franklin D Roosevelt
Person,Thomas Edison
Person,Oprah Winfrey
Person,George Orwell
Person,Walt Disney
Person,Neil Armstrong
Person,Malcolm X
Person,JK Rowling
Person,Angelina Jolie
Person,John Lennon
Person,Henry Ford
Person,Harrison Ford
Person,Michael Jordan
Person,Greta Thunberg
Person,Coco Chanel
Person,Amelia Earhart
Person,Adolf Hitler
Person,Sting
Person,Alfred Hitchcock
Person,Michael Jackson
Person,Madonna
Person,Cleopatra
Person,Grace Kelly
Person,Steve Jobs
Person,Ronald Reagan
Person,Richard Nixon
Person,Babe Ruth
Person,Sigmund Freud
Person,Audrey Hepburn
Person,David Beckham
Person,Tiger Woods
Person,Usain Bolt
Person,Jacky Kennedy
Person,Anne Frank
Person,Florence Nightingale
Person,Harriet Tubman
Person,Wright Brothers
Person,Tom Cruise
Person,Katie Holmes
Person,Brad Pitt
Person,Stephen King
TV Show,Stranger Things
TV Show,The Wire
TV Show,Game Of Thrones
TV Show,Six Feet Under
TV Show,Deadwood
TV Show,Bridgerton
TV Show,Black Mirror
TV Show,Mad Men
TV Show,Breaking Bad
TV Show,Better Call Saul
TV Show,The Walking Dead
TV Show,Succession
TV Show,Billions
TV Show,Homeland
TV Show,The Shield
TV Show,Sons of Anarchy
TV Show,Mayans
TV Show,OZ
TV Show,The Sopranos
TV Show,ER
TV Show,Freaks and Geeks
TV Show,Boardwalk Empire
TV Show,24
TV Show,Downtown Abby
TV Show,Twin Peaks
TV Show,Lost
TV Show,The Americans
TV Show,Doctor Who
TV Show,Arrested Development
TV Show,Fiday Night Lights
TV Show,The Handmaid’s Tale
TV Show,Chernobyl
TV Show,Curb Your Enthusiasm
TV Show,The Good Wife
TV Show,Suits
TV Show,House of Cards
TV Show,Sherlock
TV Show,True Detective
TV Show,Westworld
TV Show,Wanda Vision
TV Show,The West Wing
TV Show,Atlanta
TV Show,Dexter
TV Show,The X Files
TV Show,My So Called Life
TV Show,The Office
TV Show,30 Rock
TV Show,Hannibal
TV Show,Parks and Rec
TV Show,How I Met Your Mother
TV Show,Friends
TV Show,Dark
TV Show,Mr. Robot
TV Show,Grey’s Anatomy
TV Show,Schitt’s Creek
TV Show,South Park
TV Show,Sex in the City
TV Show,Seinfeld
TV Show,Always Sunny in Philidelphia
TV Show,Big Bang Theory
TV Show,Modern Family
TV Show,Rick and Morty
TV Show,Battlestar Gallactica
TV Show,Saturday Night Live
TV Show,The Good Place
TV Show,Taxi
TV Show,Family Towers
TV Show,The Twilight Zone
TV Show,Star Trek
TV Show,Bojack Horseman
TV Show,Big Mouth
TV Show,The Simpsons
TV Show,Roseanne
TV Show,The Mandolorian
TV Show,Mash
TV Show,Veep
TV Show,Cheers
TV Show,Louis
TV Show,Drew Cary Show
TV Show,Frasier
TV Show,Fleabag
TV Show,The 100
TV Show,The Magicians
TV Show,I Love Lucy
TV Show,Brady Bunch
TV Show,Gilligan’s Island
TV Show,Orange is the New Black
TV Show,Don’t Trust the B in Apt 23
TV Show,Peaky Blinders
TV Show,The Leftovers
TV Show,The OA
TV Show,Love Death and Robots
TV Show,Pushing Daisey’s
TV Show,Weeds
TV Show,Empire
TV Show,Superstore
TV Show,Brooklyn Nine-Nine
TV Show,You’re the Worst
TV Show,Halt and Catch Fire
TV Show,Happy Endings
TV Show,Ash Vs. Evil Dead
TV Show,Burn Notice
TV Show,Peep Show
TV Show,The Eric Andre Show
TV Show,Nathan For You
TV Show,The Chapelle Show
TV Show,Trailer Park Boys
Food,Sushi
Food,Frozen Yogurt
Food,Durian
Food,Mole
Food,Eclair
Object,Stretcher
Object,Confetti
Object,Fishing Rod
Object,Iron
Object,High Chair
Object,Sunglasses
Object,Computer
Action,Squeeze
Action,Scramble
Action,Learn
Action,Hang
Action,Bolt
Action,Swoop
Action,Shrink
Action,Poke
Action,Staple
Action,Draw
Action,Beat
Action,Blow Up
Action,Drive
Action,Gulp
Action,Scar
Action,Sit
Action,Yell
Action,Drink
Action,Laugh
Action,Press
Action,Sink
Action,Spray
Action,Fan
Action,Inject
Action,Kick
Action,Shiver
Action,Soak
Action,Roll Dice
Action,Hurl
Action,Peck
Action,Relax
Action,Pop a Pimple
Action,Dribble
Action,Blow Dry Hair
Action,Clip Nails
Action,Sing
Action,Play Tennis
Action,Yoga
Action,Skateboarding
Action,Doggie Paddle
Action,Undress
Action,Climb A Ladder
Action,Bowling
Action,Knit
Action,Fluff a Pillow
Action,Eat a Taco
Food,Macaroni and Cheese
Action,Arch Back
Action,Pump Up
Action,Joust
Action,Lift Weights
Action,Tip Toe
Action,Change Tire
Action,Vibrate
Action,Surprise
Action,Shop
Action,Decorate
Action,Build a Sandcastle
Action,Sharpen Pencil
Action,Wash Hands
Action,Chew
Action,Cutting Giftwrap
animal,aardvark
animal,ant
animal,anteater
animal,armadillo
animal,baboon
animal,badger
animal,bear
animal,beaver
animal,bee
animal,bird
animal,bull
animal,calf
animal,camel
animal,cat
animal,cheetah
animal,chicken
animal,chimpanzee
animal,cow
animal,crane
animal,crocodile
animal,deer
animal,dinosaur
animal,dog
animal,dolphin
animal,donkey
animal,duck
animal,eagle
animal,elephant
animal,fish
animal,flamingo
animal,fly
animal,fox
animal,frog
animal,giraffe
animal,goat
animal,goldfish
animal,gorilla
animal,hamster
animal,hippopotamus
animal,horse
animal,hyena
animal,jaguar
animal,kangaroo
animal,kitten
animal,ladybug
animal,leopard
animal,lion
animal,lizard
animal,llama
animal,lobster
animal,mammoth
animal,monkey
animal,mosquito
animal,narwhal
animal,octopus
animal,ostrich
animal,otter
animal,owl
animal,oyster
animal,panda
animal,panther
animal,parrot
animal,peacock
animal,pelican
animal,penguin
animal,pig
animal,pigeon
animal,porcupine
animal,puppy
animal,rabbit
animal,raccoon
animal,rat
animal,reindeer
animal,rhinoceros
animal,rooster
animal,scorpion
animal,seagull
animal,seahorse
animal,seal
animal,shark
animal,sheep
animal,shrimp
animal,snail
animal,snake
animal,spider
animal,squid
animal,squid
animal,squirrel
animal,starfish
animal,stork
animal,swan
animal,tadpole
animal,tiger
animal,toad
animal,tropical fish
animal,tuna
animal,turkey
animal,turtle
animal,vulture
animal,walrus
animal,whale
animal,wolf
animal,zebra
country,China
location location location,airport
location location location,apartment building
location location location,bank
location location location,barber shop
location location location,barn
location location location,book store
location location location,bowling alley
location location location,bus stop
location location location,casino
location location location,castle
location location location,cathedral
location location location,church
location location location,circus
location location location,convenience store
location location location,courthouse
location location location,department store
location location location,disco
location location location,fire department
location location location,fire station
location location location,gas station
location location location,hospital
location location location,house
location location location,library
location location location,lighthouse
location location location,mall
location location location,mansion
location location location,movie theater
location location location,museum
location location location,office building
location location location,opera house
location location location,palace
location location location,petshop
location location location,police station
location location location,post office
location location location,prison
location location location,restaurant
location location location,saw mill
location location location,school
location location location,supermarket
location location location,temple
location location location,theater
location location location,train station
clothing,bandana
clothing,belt
clothing,bikini
clothing,boots
clothing,bowtie
clothing,cap
clothing,coat
clothing,dress
clothing,earmuffs
clothing,eyepatch
clothing,glasses
clothing,gloves
clothing,hairtie
clothing,hat
clothing,headband
clothing,jacket
clothing,jeans
clothing,kneepads
clothing,mittens
clothing,necklace
clothing,overalls
clothing,pajamas
clothing,partyhat
clothing,raincoat
clothing,sandals
clothing,scarf
clothing,shirt
clothing,shoes
clothing,skirt
clothing,slippers
clothing,sneakers
clothing,socks
clothing,sombrero
clothing,stockings
clothing,suit
clothing,sweater
clothing,sweatshirt
clothing,swimsuit
clothing,t-shirt
clothing,tie
clothing,trousers
clothing,underpants
country,Africa
country,America
country,Bahamas
country,Brazil
country,Canada
country,Egypt
country,England
country,Finland
country,France
country,Germany
country,Greece
country,Hawaii
country,Holland
country,India
country,Iran
country,Ireland
country,Israel
country,Italy
country,Jamaica
country,Japan
country,Mexico
country,Morocco
country,North Korea
country,Pakistan
country,Russia
country,Saudi Arabia
country,Scotland
country,South Korea
country,Spain
country,Syria
country,Taiwan
country,Thailand
country,Turkey
country,Vietnam
family,aunt
family,brother
family,children
family,cousin
family,daughter
family,father
family,granddaughter
family,grandma
family,grandmother
family,grandpa
family,grandson
family,husband
family,mother
family,nephew
family,niece
family,parents
family,sister
family,son
family,stepdaughter
family,stepmother
family,stepson
family,uncle
food,apple
food,asparagus
food,avocado
food,baguette
food,banana
food,barbeque
food,beans
food,beer
food,bread
food,broccoli
food,brownie
food,burger
food,burrito
food,cabbage
food,camembert
food,carrot
food,celery
food,cereal
food,champagne
food,cheese
food,cherry
food,choclate
food,coconut
food,coffee
food,cookie
food,corn
food,crepe
food,cucumber
food,cupcake
food,dinner
food,doritos
food,eggplant
food,espresso
food,fastfood
food,french fries
food,frosting
food,grapefruit
food,grapes
food,honey
food,hotdog
food,hotsauce
food,icepop
food,ketchup
food,lemon
food,lettuce
food,lollipop
food,macaroni
food,meatball
food,melon
food,muffin
food,mushroom
food,mustard
food,noodles
food,omelet
food,onion
food,orange
food,pancakes
food,peach
food,peanut
food,pear
food,peas
food,pepper
food,pickle
food,pie
food,pineapple
food,plum
food,popcorn
food,popsicle
food,potato
food,pretzel
food,pumpkin
food,radish
food,sandwich
food,sausage
food,seafood
food,skittles
food,snowcone
food,soy sauce
food,spinach
food,strawberry
food,tomato
food,tuna
food,turnip
food,watermelon
instrument,accordion
instrument,agogo bells
instrument,bagpipes
instrument,banjo
instrument,baritone
instrument,bass drum
instrument,bassoon
instrument,bell lyre
instrument,bongos
instrument,bugle
instrument,castanets
instrument,celeste
instrument,cello
instrument,chimes
instrument,clarinet
instrument,claves
instrument,conga
instrument,cowbell
instrument,crash cymbal
instrument,cymbal
instrument,drum
instrument,drum set
instrument,electric guitar
instrument,euphonium
instrument,flugelhorn
instrument,flute
instrument,French horn
instrument,glockenspiel
instrument,gong
instrument,grand piano
instrument,guitar
instrument,harmonica
instrument,harp
instrument,kettledrum
instrument,lute
instrument,mandolin
instrument,maracas
instrument,marimba
instrument,oboe
instrument,orchestra bells
instrument,piano
instrument,piccolo
instrument,recorder
instrument,ride cymbal
instrument,saxophone
instrument,scraper
instrument,sizzle cymbal
instrument,snare drum
instrument,sousaphone
instrument,splash cymbal
instrument,steel drums
instrument,tenor drum
instrument,timbales
instrument,timpani
instrument,tom-tom
instrument,triangle
instrument,trombone
instrument,trumpet
instrument,tuba
instrument,ukulele
instrument,vibraphone
instrument,violin
instrument,xylophone
animal,pitbull
mythology,atlantis
mythology,bigfoot
mythology,centaur
mythology,cyclops
mythology,dragon
mythology,goddess
mythology,hercules
mythology,jupiter
mythology,loki
mythology,mermaid
mythology,minotaur
mythology,monster
mythology,neptune
mythology,odin
mythology,pegasus
mythology,phoenix
mythology,poseidon
mythology,unicorn
mythology,vampire
mythology,werewolf
pop culture,aladdin
pop culture,aquaman
pop culture,asterix
pop culture,autobots
pop culture,avatar
pop culture,avengers
pop culture,chracter 
pop culture,batman
pop culture,beavis
pop culture,bowser
pop culture,catwoman
pop culture,garfield
pop culture,haymitch
pop culture,ironchef
pop culture,ironman
pop culture,katniss
pop culture,lionking
pop culture,madonna
pop culture,metroid
pop culture,pikachu
pop culture,riddler
pop culture,rugrats
pop culture,splinter
pop culture,startrek
pop culture,starwars
pop culture,thelorax
pop culture,twilight
pop culture,twoface
pop culture,warcraft
profession,accountant
profession,actor
profession,artist
profession,athlete
profession,author
profession,baker
profession,banker
profession,barber
profession,beautician
profession,butcher
profession,captain
profession,carpenter
profession,cashier
profession,chauffeur
profession,chef
profession,coach
profession,cowboy
profession,criminal
profession,dentist
profession,director
profession,doctor
profession,drummer
profession,engineer
profession,farmer
profession,fire fighter
profession,fisherman
profession,gangster
profession,gardener
profession,gymnast
profession,judge
profession,lawyer
profession,magician
profession,mailman
profession,mechanic
profession,milkman
profession,musician
profession,nurse
profession,painter
profession,pilot
profession,plumber
profession,poet
profession,policeman
profession,politician
profession,priest
profession,princess
profession,printer
profession,professor
profession,rockstar
profession,sailor
profession,salesman
profession,sheriff
profession,shoemaker
profession,soldier
profession,surgeon
profession,tailor
profession,teacher
profession,veterinarian
profession,waiter
profession,waitress
profession,warrior
profession,watchmaker
profession,wrestler
sports,archery
sports,athletics
sports,badminton
sports,baseball
sports,basketball
sports,bowling
sports,boxing
sports,canoeing
sports,car racing
sports,cycling
sports,fencing
sports,fishing
sports,football
sports,frisbee
sports,golf
sports,gymnastics
sports,hang gliding
sports,hockey
sports,horse racing
sports,javelin
sports,jogging
sports,judo
sports,jumprope
sports,karate
sports,longjump
sports,minigolf
sports,motorcycle racing
sports,pingpong
sports,polo
sports,rowing
sports,rugby
sports,sailing
sports,scuba diving
sports,shooting
sports,skiing
sports,sledding
sports,snow-boarding
sports,squash
sports,swimming
sports,table tennis
sports,tennis
sports,triathlon
sports,volleyball
sports,weightlifting
vehicle,airplane
vehicle,bicycle
vehicle,boat
vehicle,bus
vehicle,car
vehicle,dogsled
vehicle,forklift
vehicle,golfcart
vehicle,helicopter
vehicle,horse
vehicle,jet
vehicle,minivan
vehicle,motorcycle
vehicle,porsche
vehicle,racecar
vehicle,rowboat
vehicle,sailboat
vehicle,scooter
vehicle,ship
vehicle,shuttle
vehicle,subway
vehicle,taxi
vehicle,towtruck
vehicle,tractor
vehicle,train
vehicle,tricycle
vehicle,truck
vehicle,tugboat
vehicle,unicycle
vehicle,zeppelin
weapon,atomic bomb
weapon,barbwire
weapon,bayonet
weapon,bazooka
weapon,blowgun
weapon,bomb
weapon,bow and arrow
weapon,cannon
weapon,catapult
weapon,chainsaw
weapon,club
weapon,crossbow
weapon,crowbar
weapon,drill
weapon,dynamite
weapon,grenade
weapon,gun
weapon,hammer
weapon,hand grenade
weapon,handgun
weapon,knife
weapon,land mine
weapon,missile
weapon,revolver
weapon,rifle
weapon,saw
weapon,scissors
weapon,screwdriver
weapon,shotgun
weapon,spear
weapon,sword
weapon,tank
weapon,torpedo